year,month,day,hour,minute,seconds,thousandsSeconds,vehicleNumber,sortDecision,errorCode,statusCode,recordType,lane,speed,vehicleClass,vehicleType,maxLength,length,frontBumperSpace,rearBumperSpace,maxGVW,GVW,ESAL,maxAxleWeight,axleWeight,axleGroup,axleFootprint,axleViolations,spacingToNextAxle,maxAxleWeight.1,axleWeight.1,axleGroup.1,axleFootprint.1,axleViolations.1,spacingToNextAxle.1,maxAxleWeight.2,axleWeight.2,axleGroup.2,axleFootprint.2,axleViolations.2,spacingToNextAxle.2,maxAxleWeight.3,axleWeight.3,axleGroup.3,axleFootprint.3,axleViolations.3,spacingToNextAxle.3,maxAxleWeight.4,axleWeight.4,axleGroup.4,axleFootprint.4,axleViolations.4,spacingToNextAxle.4,maxAxleWeight.5,axleWeight.5,axleGroup.5,axleFootprint.5,axleViolations.5,spacingToNextAxle.5,maxAxleWeight.6,axleWeight.6,axleGroup.6,axleFootprint.6,axleViolations.6,spacingToNextAxle.6,maxAxleWeight.7,axleWeight.7,axleGroup.7,axleFootprint.7,axleViolations.7,spacingToNextAxle.7,maxAxleWeight.8,axleWeight.8,axleGroup.8,axleFootprint.8,axleViolations.8,spacingToNextAxle.8,maxAxleWeight.9,axleWeight.9,axleGroup.9,axleFootprint.9,axleViolations.9,spacingToNextAxle.9,maxAxleWeight.10,axleWeight.10,axleGroup.10,axleFootprint.10,axleViolations.10,spacingToNextAxle.10,maxAxleWeight.11,axleWeight.11,axleGroup.11,axleFootprint.11,axleViolations.11,spacingToNextAxle.11,maxAxleWeight.12,axleWeight.12,axleGroup.12,axleFootprint.12,axleViolations.12,spacingToNextAxle.12,maxAxleWeight.13,axleWeight.13,axleGroup.13,axleFootprint.13,axleViolations.13,externalDataItemTag,externalDataItemInfo,externalDataItemTag.1,externalDataItemInfo.1,externalDataItemTag.2,externalDataItemInfo.2,externalDataItemTag.3,externalDataItemInfo.3,externalDataItemTag.4,externalDataItemInfo.4,externalDataItemTag.5,externalDataItemInfo.5,externalDataItemTag.6,externalDataItemInfo.6,externalDataItemTag.7,externalDataItemInfo.7,externalDataItemTag.8,externalDataItemInfo.8,externalDataItemTag.9,externalDataItemInfo.9,temperature,direction
18,6,4,16,32,35,980,46338,0,0,0,12,3,65.24,3,4,0,22.1,6.4,3.7,0,3.6,4.00E-04,0,1.8,1,0,0,11.9,0,1.8,1,0,0,0,0,0,0,0,0,0,0,0,0,0,0,0,0,0,0,0,0,0,0,0,0,0,0,0,0,0,0,0,0,0,0,0,0,0,0,0,0,0,0,0,0,0,0,0,0,0,0,0,0,0,0,0,0,0,0,0,0,0,0,0,0,0,0,0,0,0,0,0,0,0,0,1:SORT*,"0,1,0000,0000,0000",,,,,,,,,,,,,,,NA,NA,NA,NA,78,West
18,6,15,19,4,41,30,48971,0,0,0,12,3,20.51,2,3,0,10.7,0,4.5,0,1.9,4.00E-04,0,1.1,1,0,0,6.2,0,0.8,1,0,0,0,0,0,0,0,0,0,0,0,0,0,0,0,0,0,0,0,0,0,0,0,0,0,0,0,0,0,0,0,0,0,0,0,0,0,0,0,0,0,0,0,0,0,0,0,0,0,0,0,0,0,0,0,0,0,0,0,0,0,0,0,0,0,0,0,0,0,0,0,0,0,0,1:SORT*,"0,1,0000,0000,0000",,,,,,,,,,,,,,,NA,NA,NA,NA,91,East
18,6,4,5,43,29,730,22976,0,0,0,12,3,70.84,3,4,0,24.3,8.4,4.2,0,2.9,4.00E-04,0,1.5,1,0,0,11.7,0,1.3,1,0,0,0,0,0,0,0,0,0,0,0,0,0,0,0,0,0,0,0,0,0,0,0,0,0,0,0,0,0,0,0,0,0,0,0,0,0,0,0,0,0,0,0,0,0,0,0,0,0,0,0,0,0,0,0,0,0,0,0,0,0,0,0,0,0,0,0,0,0,0,0,0,0,0,1:SORT*,"0,1,0000,0000,0000",,,,,,,,,,,,,,,NA,NA,NA,NA,68,West
18,6,15,12,12,40,860,35208,0,0,0,12,3,35.42,2,3,0,16.9,0,9.8,0,2.5,4.00E-04,0,1.4,1,0,0,7.1,0,1.1,1,0,0,0,0,0,0,0,0,0,0,0,0,0,0,0,0,0,0,0,0,0,0,0,0,0,0,0,0,0,0,0,0,0,0,0,0,0,0,0,0,0,0,0,0,0,0,0,0,0,0,0,0,0,0,0,0,0,0,0,0,0,0,0,0,0,0,0,0,0,0,0,0,0,0,1:SORT*,"0,1,0000,0000,0000",,,,,,,,,,,,,,,NA,NA,NA,NA,84,East
18,6,4,8,57,49,70,29956,0,0,0,12,2,55.3,2,3,0,20.5,4,6.5,0,2.8,4.00E-04,0,1.7,1,0,0,10,0,1.1,1,0,0,0,0,0,0,0,0,0,0,0,0,0,0,0,0,0,0,0,0,0,0,0,0,0,0,0,0,0,0,0,0,0,0,0,0,0,0,0,0,0,0,0,0,0,0,0,0,0,0,0,0,0,0,0,0,0,0,0,0,0,0,0,0,0,0,0,0,0,0,0,0,0,0,1:SORT*,"0,1,0000,0000,0000",,,,,,,,,,,,,,,NA,NA,NA,NA,68,West
18,6,4,11,59,19,610,36266,2,4,0,0,2,0,14,1,0,0,0,0,0,0,0,0,0,0,0,0,0,0,0,0,0,0,0,0,0,0,0,0,0,0,0,0,0,0,0,0,0,0,0,0,0,0,0,0,0,0,0,0,0,0,0,0,0,0,0,0,0,0,0,0,0,0,0,0,0,0,0,0,0,0,0,0,0,0,0,0,0,0,0,0,0,0,0,0,0,0,0,0,0,0,0,0,0,0,IMAGE_FN,Image083937_2,1:SORT*,"R,1,0000,0000,0000",,,,,,,,,,,,,NA,NA,NA,NA,68,West
18,6,15,21,0,38,750,52271,0,0,0,12,2,29.83,2,3,0,20.3,0,13.6,0,3.2,4.00E-04,0,1.8,1,0,0,6.8,0,1.4,1,0,0,0,0,0,0,0,0,0,0,0,0,0,0,0,0,0,0,0,0,0,0,0,0,0,0,0,0,0,0,0,0,0,0,0,0,0,0,0,0,0,0,0,0,0,0,0,0,0,0,0,0,0,0,0,0,0,0,0,0,0,0,0,0,0,0,0,0,0,0,0,0,0,0,1:SORT*,"0,1,0000,0000,0000",,,,,,,,,,,,,,,NA,NA,NA,NA,89,East
18,6,15,0,10,23,20,20659,0,0,0,12,2,36.04,2,3,0,13.5,0,6.5,0,3.1,4.00E-04,0,1.7,1,0,0,7.1,0,1.4,1,0,0,0,0,0,0,0,0,0,0,0,0,0,0,0,0,0,0,0,0,0,0,0,0,0,0,0,0,0,0,0,0,0,0,0,0,0,0,0,0,0,0,0,0,0,0,0,0,0,0,0,0,0,0,0,0,0,0,0,0,0,0,0,0,0,0,0,0,0,0,0,0,0,0,1:SORT*,"0,1,0000,0000,0000",,,,,,,,,,,,,,,NA,NA,NA,NA,86,East
18,6,15,10,42,11,940,6955,2,10,0,0,1,0,14,1,0,0,0,0,0,0,0,0,0,0,0,0,0,0,0,0,0,0,0,0,0,0,0,0,0,0,0,0,0,0,0,0,0,0,0,0,0,0,0,0,0,0,0,0,0,0,0,0,0,0,0,0,0,0,0,0,0,0,0,0,0,0,0,0,0,0,0,0,0,0,0,0,0,0,0,0,0,0,0,0,0,0,0,0,0,0,0,0,0,0,DTUNE_MEAS,#  3 max  51 min 255,IMAGE_FN,Image081726_1,IMAGE_FN,Image097133_4,IMAGE_FN,Image097141_3,LP_NUM,AN117E,LP_JUR,NJ,LP_CONF,93,1:SORT*,"R,1,0000,0000,0000",NA,NA,NA,NA,80,East
18,6,15,12,17,13,520,35345,2,0,00000000000000c0,12,2,32.93,15,256,0,18.7,0,0,0,4.5,6.00E-04,0,1.4,1,0,0,35.5,0,1.7,1,0,0,8.5,0,1.4,1,0,0,0,0,0,0,0,0,0,0,0,0,0,0,0,0,0,0,0,0,0,0,0,0,0,0,0,0,0,0,0,0,0,0,0,0,0,0,0,0,0,0,0,0,0,0,0,0,0,0,0,0,0,0,0,0,0,0,0,0,0,0,0,0,0,0,0,0,IMAGE_FN,Image017588_2,1:SORT*,"R,1,0000,0000,0000",,,,,,,,,,,,,NA,NA,NA,NA,84,East
18,6,15,19,17,13,570,49440,0,0,0,12,3,12.43,2,3,0,15.8,0,6.6,0,4.5,0.0013,0,2.7,1,0,0,9.2,0,1.8,1,0,0,0,0,0,0,0,0,0,0,0,0,0,0,0,0,0,0,0,0,0,0,0,0,0,0,0,0,0,0,0,0,0,0,0,0,0,0,0,0,0,0,0,0,0,0,0,0,0,0,0,0,0,0,0,0,0,0,0,0,0,0,0,0,0,0,0,0,0,0,0,0,0,0,1:SORT*,"0,1,0000,0000,0000",,,,,,,,,,,,,,,NA,NA,NA,NA,91,East
18,6,4,16,37,12,420,46556,0,0,0,12,2,68.97,2,3,0,18.3,4.8,3.8,0,2.1,4.00E-04,0,1.3,1,0,0,9.7,0,0.8,1,0,0,0,0,0,0,0,0,0,0,0,0,0,0,0,0,0,0,0,0,0,0,0,0,0,0,0,0,0,0,0,0,0,0,0,0,0,0,0,0,0,0,0,0,0,0,0,0,0,0,0,0,0,0,0,0,0,0,0,0,0,0,0,0,0,0,0,0,0,0,0,0,0,0,1:SORT*,"0,1,0000,0000,0000",,,,,,,,,,,,,,,NA,NA,NA,NA,78,West
18,6,15,3,33,21,800,1661,2,7,0,0,1,0,14,1,0,0,0,0,0,0,0,0,0,0,0,0,0,0,0,0,0,0,0,0,0,0,0,0,0,0,0,0,0,0,0,0,0,0,0,0,0,0,0,0,0,0,0,0,0,0,0,0,0,0,0,0,0,0,0,0,0,0,0,0,0,0,0,0,0,0,0,0,0,0,0,0,0,0,0,0,0,0,0,0,0,0,0,0,0,0,0,0,0,0,IMAGE_FN,Image076432_1,1:SORT*,"R,1,0000,0000,0000",,,,,,,,,,,,,NA,NA,NA,NA,82,East
18,6,4,7,22,55,390,26088,0,0,0,12,3,68.35,3,4,0,25.6,8.3,4.9,0,4.1,4.00E-04,0,2,1,0,0,12.4,0,2,1,0,0,0,0,0,0,0,0,0,0,0,0,0,0,0,0,0,0,0,0,0,0,0,0,0,0,0,0,0,0,0,0,0,0,0,0,0,0,0,0,0,0,0,0,0,0,0,0,0,0,0,0,0,0,0,0,0,0,0,0,0,0,0,0,0,0,0,0,0,0,0,0,0,0,1:SORT*,"0,1,0000,0000,0000",,,,,,,,,,,,,,,NA,NA,NA,NA,68,West
18,6,15,7,10,51,820,3969,2,10,0,0,1,0,14,1,0,0,0,0,0,0,0,0,0,0,0,0,0,0,0,0,0,0,0,0,0,0,0,0,0,0,0,0,0,0,0,0,0,0,0,0,0,0,0,0,0,0,0,0,0,0,0,0,0,0,0,0,0,0,0,0,0,0,0,0,0,0,0,0,0,0,0,0,0,0,0,0,0,0,0,0,0,0,0,0,0,0,0,0,0,0,0,0,0,0,DTUNE_MEAS,#  1 max  65 min 255,IMAGE_FN,Image078740_1,IMAGE_FN,Image072531_3,LP_NUM,NoRead,LP_JUR,--,LP_CONF,0,1:SORT*,"R,1,0000,0000,0000",,,NA,NA,NA,NA,78,East
18,6,4,8,27,31,980,28678,0,0,0,12,3,72.08,3,4,0,24.9,9.1,4,0,3.5,4.00E-04,0,1.9,1,0,0,11.8,0,1.6,1,0,0,0,0,0,0,0,0,0,0,0,0,0,0,0,0,0,0,0,0,0,0,0,0,0,0,0,0,0,0,0,0,0,0,0,0,0,0,0,0,0,0,0,0,0,0,0,0,0,0,0,0,0,0,0,0,0,0,0,0,0,0,0,0,0,0,0,0,0,0,0,0,0,0,1:SORT*,"0,1,0000,0000,0000",,,,,,,,,,,,,,,NA,NA,NA,NA,68,West
18,6,15,15,28,7,700,41468,0,0,0,12,3,19.88,2,3,0,12,0,5.3,0,2.3,4.00E-04,0,1.4,1,0,0,6.8,0,0.9,1,0,0,0,0,0,0,0,0,0,0,0,0,0,0,0,0,0,0,0,0,0,0,0,0,0,0,0,0,0,0,0,0,0,0,0,0,0,0,0,0,0,0,0,0,0,0,0,0,0,0,0,0,0,0,0,0,0,0,0,0,0,0,0,0,0,0,0,0,0,0,0,0,0,0,1:SORT*,"0,1,0000,0000,0000",,,,,,,,,,,,,,,NA,NA,NA,NA,91,East
18,6,4,11,58,22,690,36225,0,0,0,12,2,55.3,3,4,0,22.8,3.1,9.4,0,3.4,4.00E-04,0,1.7,1,0,0,10.2,0,1.8,1,0,0,0,0,0,0,0,0,0,0,0,0,0,0,0,0,0,0,0,0,0,0,0,0,0,0,0,0,0,0,0,0,0,0,0,0,0,0,0,0,0,0,0,0,0,0,0,0,0,0,0,0,0,0,0,0,0,0,0,0,0,0,0,0,0,0,0,0,0,0,0,0,0,0,1:SORT*,"0,1,0000,0000,0000",,,,,,,,,,,,,,,NA,NA,NA,NA,68,West
18,6,15,7,27,58,610,27524,0,0,80,12,2,42.25,3,4,0,17.4,2.5,2.5,0,2.2,4.00E-04,0,1.1,1,0,0,12.4,0,1.1,1,0,0,0,0,0,0,0,0,0,0,0,0,0,0,0,0,0,0,0,0,0,0,0,0,0,0,0,0,0,0,0,0,0,0,0,0,0,0,0,0,0,0,0,0,0,0,0,0,0,0,0,0,0,0,0,0,0,0,0,0,0,0,0,0,0,0,0,0,0,0,0,0,0,0,1:SORT*,"0,1,0000,0000,0000",,,,,,,,,,,,,,,NA,NA,NA,NA,78,East
18,6,15,11,31,11,690,7721,2,10,0,0,1,0,14,1,0,0,0,0,0,0,0,0,0,0,0,0,0,0,0,0,0,0,0,0,0,0,0,0,0,0,0,0,0,0,0,0,0,0,0,0,0,0,0,0,0,0,0,0,0,0,0,0,0,0,0,0,0,0,0,0,0,0,0,0,0,0,0,0,0,0,0,0,0,0,0,0,0,0,0,0,0,0,0,0,0,0,0,0,0,0,0,0,0,0,DTUNE_MEAS,#  1 max 142 min 255,IMAGE_FN,Image082492_1,1:SORT*,"R,1,0000,0000,0000",,,,,,,,,,,NA,NA,NA,NA,82,East
18,6,4,10,17,17,920,32998,0,0,0,12,2,59.65,3,4,0,20.3,4.7,5.4,0,2.9,4.00E-04,0,1.6,1,0,0,10.2,0,1.2,1,0,0,0,0,0,0,0,0,0,0,0,0,0,0,0,0,0,0,0,0,0,0,0,0,0,0,0,0,0,0,0,0,0,0,0,0,0,0,0,0,0,0,0,0,0,0,0,0,0,0,0,0,0,0,0,0,0,0,0,0,0,0,0,0,0,0,0,0,0,0,0,0,0,0,1:SORT*,"0,1,0000,0000,0000",,,,,,,,,,,,,,,NA,NA,NA,NA,68,West
18,6,4,16,13,50,30,45431,0,0,0,12,2,78.91,3,4,0,24,5.6,5.1,0,4.2,4.00E-04,0,2.3,1,0,0,13.2,0,1.9,1,0,0,0,0,0,0,0,0,0,0,0,0,0,0,0,0,0,0,0,0,0,0,0,0,0,0,0,0,0,0,0,0,0,0,0,0,0,0,0,0,0,0,0,0,0,0,0,0,0,0,0,0,0,0,0,0,0,0,0,0,0,0,0,0,0,0,0,0,0,0,0,0,0,0,1:SORT*,"0,1,0000,0000,0000",,,,,,,,,,,,,,,NA,NA,NA,NA,78,West
18,6,15,23,16,8,530,55573,0,0,0,12,3,29.83,2,3,0,13,0,5.8,0,3.9,4.00E-04,0,2,1,0,0,7.1,0,2,1,0,0,0,0,0,0,0,0,0,0,0,0,0,0,0,0,0,0,0,0,0,0,0,0,0,0,0,0,0,0,0,0,0,0,0,0,0,0,0,0,0,0,0,0,0,0,0,0,0,0,0,0,0,0,0,0,0,0,0,0,0,0,0,0,0,0,0,0,0,0,0,0,0,0,1:SORT*,"0,1,0000,0000,0000",,,,,,,,,,,,,,,NA,NA,NA,NA,86,East
18,6,15,16,5,20,560,12704,0,0,0,12,1,29.83,3,4,0,15.6,2.5,2.5,0,2.2,4.00E-04,0,1.1,1,0,0,10.6,0,1.1,1,0,0,0,0,0,0,0,0,0,0,0,0,0,0,0,0,0,0,0,0,0,0,0,0,0,0,0,0,0,0,0,0,0,0,0,0,0,0,0,0,0,0,0,0,0,0,0,0,0,0,0,0,0,0,0,0,0,0,0,0,0,0,0,0,0,0,0,0,0,0,0,0,0,0,DTUNE_MEAS,#  1 max 176 min 255,1:SORT*,"0,1,0000,0000,0000",,,,,,,,,,,,,NA,NA,NA,NA,91,East
18,6,15,21,53,58,150,18748,2,10,0,0,1,0,14,1,0,0,0,0,0,0,0,0,0,0,0,0,0,0,0,0,0,0,0,0,0,0,0,0,0,0,0,0,0,0,0,0,0,0,0,0,0,0,0,0,0,0,0,0,0,0,0,0,0,0,0,0,0,0,0,0,0,0,0,0,0,0,0,0,0,0,0,0,0,0,0,0,0,0,0,0,0,0,0,0,0,0,0,0,0,0,0,0,0,0,DTUNE_MEAS,#  1 max 200 min 255,IMAGE_FN,Image093519_1,1:SORT*,"R,1,0000,0000,0000",,,,,,,,,,,NA,NA,NA,NA,87,East
18,6,4,18,3,44,170,50437,3,0,0,12,2,56.54,9,22,0,79,6.4,15.2,80,21.8,0.033,20,7.1,1,0,0,14.1,17,4.1,2,0,0,4.7,17,4,2,0,0,34.1,17,3.2,2,0,0,4.5,17,3.5,2,0,0,0,0,0,0,0,0,0,0,0,0,0,0,0,0,0,0,0,0,0,0,0,0,0,0,0,0,0,0,0,0,0,0,0,0,0,0,0,0,0,0,0,0,0,0,0,0,0,0,0,0,0,0,0,0,IMAGE_FN,Image098108_2,IMAGE_FN,Image055641_3,LP_NUM,NoRead,LP_JUR,--,LP_CONF,0,1:SORT*,"B,1,0000,0000,0000",,,,,NA,NA,NA,NA,78,West
18,6,4,18,52,26,150,52003,0,0,0,12,3,71.46,3,4,0,25.2,7.4,5.2,0,3.8,4.00E-04,0,2,1,0,0,12.6,0,1.7,1,0,0,0,0,0,0,0,0,0,0,0,0,0,0,0,0,0,0,0,0,0,0,0,0,0,0,0,0,0,0,0,0,0,0,0,0,0,0,0,0,0,0,0,0,0,0,0,0,0,0,0,0,0,0,0,0,0,0,0,0,0,0,0,0,0,0,0,0,0,0,0,0,0,0,1:SORT*,"0,1,0000,0000,0000",,,,,,,,,,,,,,,NA,NA,NA,NA,78,West
18,6,15,17,27,6,240,45602,2,7,0,0,2,0,14,1,0,0,0,0,0,0,0,0,0,0,0,0,0,0,0,0,0,0,0,0,0,0,0,0,0,0,0,0,0,0,0,0,0,0,0,0,0,0,0,0,0,0,0,0,0,0,0,0,0,0,0,0,0,0,0,0,0,0,0,0,0,0,0,0,0,0,0,0,0,0,0,0,0,0,0,0,0,0,0,0,0,0,0,0,0,0,0,0,0,0,IMAGE_FN,Image027846_2,1:SORT*,"R,1,0000,0000,0000",,,,,,,,,,,,,NA,NA,NA,NA,91,East
18,6,15,13,57,39,330,38408,0,0,0,12,3,26.72,2,3,0,34.4,0,27.3,0,2.9,4.00E-04,0,1.6,1,0,0,7.2,0,1.2,1,0,0,0,0,0,0,0,0,0,0,0,0,0,0,0,0,0,0,0,0,0,0,0,0,0,0,0,0,0,0,0,0,0,0,0,0,0,0,0,0,0,0,0,0,0,0,0,0,0,0,0,0,0,0,0,0,0,0,0,0,0,0,0,0,0,0,0,0,0,0,0,0,0,0,1:SORT*,"0,1,0000,0000,0000",,,,,,,,,,,,,,,NA,NA,NA,NA,87,East
18,6,15,20,35,24,450,17403,2,10,0,0,1,0,14,1,0,0,0,0,0,0,0,0,0,0,0,0,0,0,0,0,0,0,0,0,0,0,0,0,0,0,0,0,0,0,0,0,0,0,0,0,0,0,0,0,0,0,0,0,0,0,0,0,0,0,0,0,0,0,0,0,0,0,0,0,0,0,0,0,0,0,0,0,0,0,0,0,0,0,0,0,0,0,0,0,0,0,0,0,0,0,0,0,0,0,DTUNE_MEAS,#  5 max 115 min 255,IMAGE_FN,Image092174_1,IMAGE_FN,Image047863_4,IMAGE_FN,Image047871_3,LP_NUM,56775PC,LP_JUR,NY,LP_CONF,99,1:SORT*,"R,1,0000,0000,0000",NA,NA,NA,NA,89,East
18,6,15,8,2,53,0,28440,2,10,0,0,2,0,14,1,0,0,0,0,0,0,0,0,0,0,0,0,0,0,0,0,0,0,0,0,0,0,0,0,0,0,0,0,0,0,0,0,0,0,0,0,0,0,0,0,0,0,0,0,0,0,0,0,0,0,0,0,0,0,0,0,0,0,0,0,0,0,0,0,0,0,0,0,0,0,0,0,0,0,0,0,0,0,0,0,0,0,0,0,0,0,0,0,0,0,IMAGE_FN,Image010683_2,1:SORT*,"R,1,0000,0000,0000",,,,,,,,,,,,,NA,NA,NA,NA,77,East
18,6,15,14,1,36,360,10288,0,0,0,12,1,37.28,3,4,0,18.6,2.5,2.5,0,2.2,4.00E-04,0,1.1,1,0,0,13.6,0,1.1,1,0,0,0,0,0,0,0,0,0,0,0,0,0,0,0,0,0,0,0,0,0,0,0,0,0,0,0,0,0,0,0,0,0,0,0,0,0,0,0,0,0,0,0,0,0,0,0,0,0,0,0,0,0,0,0,0,0,0,0,0,0,0,0,0,0,0,0,0,0,0,0,0,0,0,DTUNE_MEAS,#  1 max  79 min 255,1:SORT*,"0,1,0000,0000,0000",,,,,,,,,,,,,NA,NA,NA,NA,87,East
18,6,4,11,15,54,980,34829,0,0,0,12,2,52.82,3,4,0,35.2,3.7,20,0,3.2,4.00E-04,0,1.7,1,0,0,11.5,0,1.5,1,0,0,0,0,0,0,0,0,0,0,0,0,0,0,0,0,0,0,0,0,0,0,0,0,0,0,0,0,0,0,0,0,0,0,0,0,0,0,0,0,0,0,0,0,0,0,0,0,0,0,0,0,0,0,0,0,0,0,0,0,0,0,0,0,0,0,0,0,0,0,0,0,0,0,1:SORT*,"0,1,0000,0000,0000",,,,,,,,,,,,,,,NA,NA,NA,NA,68,West
18,6,4,15,55,35,830,44546,0,0,0,12,3,59.65,3,4,0,22.9,7.1,4.7,0,2.1,4.00E-04,0,1.3,1,0,0,11.1,0,0.8,1,0,0,0,0,0,0,0,0,0,0,0,0,0,0,0,0,0,0,0,0,0,0,0,0,0,0,0,0,0,0,0,0,0,0,0,0,0,0,0,0,0,0,0,0,0,0,0,0,0,0,0,0,0,0,0,0,0,0,0,0,0,0,0,0,0,0,0,0,0,0,0,0,0,0,1:SORT*,"0,1,0000,0000,0000",,,,,,,,,,,,,,,NA,NA,NA,NA,77,West
18,6,15,4,47,33,170,2123,0,0,0,12,1,40.39,3,4,0,18.6,2.5,2.5,0,2.2,4.00E-04,0,1.1,1,0,0,13.6,0,1.1,1,0,0,0,0,0,0,0,0,0,0,0,0,0,0,0,0,0,0,0,0,0,0,0,0,0,0,0,0,0,0,0,0,0,0,0,0,0,0,0,0,0,0,0,0,0,0,0,0,0,0,0,0,0,0,0,0,0,0,0,0,0,0,0,0,0,0,0,0,0,0,0,0,0,0,DTUNE_MEAS,#  1 max 201 min 255,1:SORT*,"0,1,0000,0000,0000",,,,,,,,,,,,,NA,NA,NA,NA,80,East
18,6,4,8,50,12,160,29667,2,4,0,0,2,0,14,1,0,0,0,0,0,0,0,0,0,0,0,0,0,0,0,0,0,0,0,0,0,0,0,0,0,0,0,0,0,0,0,0,0,0,0,0,0,0,0,0,0,0,0,0,0,0,0,0,0,0,0,0,0,0,0,0,0,0,0,0,0,0,0,0,0,0,0,0,0,0,0,0,0,0,0,0,0,0,0,0,0,0,0,0,0,0,0,0,0,0,IMAGE_FN,Image077338_2,1:SORT*,"R,1,0000,0000,0000",,,,,,,,,,,,,NA,NA,NA,NA,68,West
18,6,4,6,43,4,320,24628,0,0,0,12,3,68.35,3,4,0,30.1,9,6.4,0,5.1,0.0013,0,2.5,1,0,0,14.7,0,2.7,1,0,0,0,0,0,0,0,0,0,0,0,0,0,0,0,0,0,0,0,0,0,0,0,0,0,0,0,0,0,0,0,0,0,0,0,0,0,0,0,0,0,0,0,0,0,0,0,0,0,0,0,0,0,0,0,0,0,0,0,0,0,0,0,0,0,0,0,0,0,0,0,0,0,0,1:SORT*,"0,1,0000,0000,0000",,,,,,,,,,,,,,,NA,NA,NA,NA,68,West
18,6,4,14,28,44,30,41046,2,4,0,0,2,0,14,1,0,0,0,0,0,0,0,0,0,0,0,0,0,0,0,0,0,0,0,0,0,0,0,0,0,0,0,0,0,0,0,0,0,0,0,0,0,0,0,0,0,0,0,0,0,0,0,0,0,0,0,0,0,0,0,0,0,0,0,0,0,0,0,0,0,0,0,0,0,0,0,0,0,0,0,0,0,0,0,0,0,0,0,0,0,0,0,0,0,0,IMAGE_FN,Image088717_2,1:SORT*,"R,1,0000,0000,0000",,,,,,,,,,,,,NA,NA,NA,NA,68,West
18,6,4,7,1,42,580,25273,0,0,0,12,3,73.32,3,4,0,26.3,8.1,5.6,0,3.6,4.00E-04,0,1.8,1,0,0,12.6,0,1.8,1,0,0,0,0,0,0,0,0,0,0,0,0,0,0,0,0,0,0,0,0,0,0,0,0,0,0,0,0,0,0,0,0,0,0,0,0,0,0,0,0,0,0,0,0,0,0,0,0,0,0,0,0,0,0,0,0,0,0,0,0,0,0,0,0,0,0,0,0,0,0,0,0,0,0,1:SORT*,"0,1,0000,0000,0000",,,,,,,,,,,,,,,NA,NA,NA,NA,68,West
18,6,4,14,8,25,620,2574,2,0,40,12,1,44.74,15,256,0,24.6,4,2.7,0,11,0.0123,0,6.4,1,0,0,13.4,0,2.2,2,0,0,4.5,0,2.4,2,0,0,0,0,0,0,0,0,0,0,0,0,0,0,0,0,0,0,0,0,0,0,0,0,0,0,0,0,0,0,0,0,0,0,0,0,0,0,0,0,0,0,0,0,0,0,0,0,0,0,0,0,0,0,0,0,0,0,0,0,0,0,0,0,0,0,0,0,DTUNE_MEAS,#  2 max 115 min 255,IMAGE_FN,Image016787_1,IMAGE_FN,Image049981_3,LP_NUM,NoRead,LP_JUR,--,LP_CONF,0,1:SORT*,"R,1,0000,0000,0000",,,NA,NA,NA,NA,68,West
18,6,15,5,28,14,240,23761,0,0,0,12,2,31.69,2,3,0,13,0,6.2,0,2.7,4.00E-04,0,1.5,1,0,0,6.8,0,1.2,1,0,0,0,0,0,0,0,0,0,0,0,0,0,0,0,0,0,0,0,0,0,0,0,0,0,0,0,0,0,0,0,0,0,0,0,0,0,0,0,0,0,0,0,0,0,0,0,0,0,0,0,0,0,0,0,0,0,0,0,0,0,0,0,0,0,0,0,0,0,0,0,0,0,0,1:SORT*,"0,1,0000,0000,0000",,,,,,,,,,,,,,,NA,NA,NA,NA,78,East
18,6,4,5,26,39,370,22622,2,4,0,0,2,0,14,1,0,0,0,0,0,0,0,0,0,0,0,0,0,0,0,0,0,0,0,0,0,0,0,0,0,0,0,0,0,0,0,0,0,0,0,0,0,0,0,0,0,0,0,0,0,0,0,0,0,0,0,0,0,0,0,0,0,0,0,0,0,0,0,0,0,0,0,0,0,0,0,0,0,0,0,0,0,0,0,0,0,0,0,0,0,0,0,0,0,0,IMAGE_FN,Image070293_2,1:SORT*,"R,1,0000,0000,0000",,,,,,,,,,,,,NA,NA,NA,NA,68,West
18,6,15,15,11,28,280,11642,0,0,0,12,1,48.47,3,4,0,17,2.5,2.5,0,2.2,4.00E-04,0,1.1,1,0,0,12,0,1.1,1,0,0,0,0,0,0,0,0,0,0,0,0,0,0,0,0,0,0,0,0,0,0,0,0,0,0,0,0,0,0,0,0,0,0,0,0,0,0,0,0,0,0,0,0,0,0,0,0,0,0,0,0,0,0,0,0,0,0,0,0,0,0,0,0,0,0,0,0,0,0,0,0,0,0,DTUNE_MEAS,#  1 max  65 min 255,IMAGE_FN,Image026683_4,IMAGE_FN,Image026691_3,LP_NUM,SF1429,LP_JUR,IA,LP_CONF,91,1:SORT*,"0,1,0000,0000,0000",,,NA,NA,NA,NA,89,East
18,6,15,6,23,25,380,3257,2,10,0,0,1,0,14,1,0,0,0,0,0,0,0,0,0,0,0,0,0,0,0,0,0,0,0,0,0,0,0,0,0,0,0,0,0,0,0,0,0,0,0,0,0,0,0,0,0,0,0,0,0,0,0,0,0,0,0,0,0,0,0,0,0,0,0,0,0,0,0,0,0,0,0,0,0,0,0,0,0,0,0,0,0,0,0,0,0,0,0,0,0,0,0,0,0,0,DTUNE_MEAS,#  6 max  75 min 255,IMAGE_FN,Image078028_1,IMAGE_FN,Image065853_4,IMAGE_FN,Image065861_3,LP_NUM,AT301U,LP_JUR,NJ,LP_CONF,99,1:SORT*,"R,1,0000,0000,0000",NA,NA,NA,NA,78,East
18,6,15,0,10,26,430,150,0,0,0,12,1,49.09,3,4,0,19.6,2.5,2.5,0,2.2,4.00E-04,0,1.1,1,0,0,14.6,0,1.1,1,0,0,0,0,0,0,0,0,0,0,0,0,0,0,0,0,0,0,0,0,0,0,0,0,0,0,0,0,0,0,0,0,0,0,0,0,0,0,0,0,0,0,0,0,0,0,0,0,0,0,0,0,0,0,0,0,0,0,0,0,0,0,0,0,0,0,0,0,0,0,0,0,0,0,DTUNE_MEAS,#  1 max 169 min 255,1:SORT*,"0,1,0000,0000,0000",,,,,,,,,,,,,NA,NA,NA,NA,86,East
18,6,4,18,41,7,750,51651,0,0,0,12,3,75.81,3,4,0,24.8,8.5,4.6,0,2.7,4.00E-04,0,1.6,1,0,0,11.7,0,1.1,1,0,0,0,0,0,0,0,0,0,0,0,0,0,0,0,0,0,0,0,0,0,0,0,0,0,0,0,0,0,0,0,0,0,0,0,0,0,0,0,0,0,0,0,0,0,0,0,0,0,0,0,0,0,0,0,0,0,0,0,0,0,0,0,0,0,0,0,0,0,0,0,0,0,0,1:SORT*,"0,1,0000,0000,0000",,,,,,,,,,,,,,,NA,NA,NA,NA,78,West
18,6,15,6,22,22,430,25583,0,0,0,12,3,34.8,2,3,0,54.7,0,47.5,0,3.7,4.00E-04,0,1.8,1,0,0,7.2,0,1.8,1,0,0,0,0,0,0,0,0,0,0,0,0,0,0,0,0,0,0,0,0,0,0,0,0,0,0,0,0,0,0,0,0,0,0,0,0,0,0,0,0,0,0,0,0,0,0,0,0,0,0,0,0,0,0,0,0,0,0,0,0,0,0,0,0,0,0,0,0,0,0,0,0,0,0,1:SORT*,"0,1,0000,0000,0000",,,,,,,,,,,,,,,NA,NA,NA,NA,78,East
18,6,4,18,28,45,250,51241,0,0,0,12,2,60.89,3,4,0,20.6,5,5.3,0,2.7,4.00E-04,0,1.6,1,0,0,10.3,0,1,1,0,0,0,0,0,0,0,0,0,0,0,0,0,0,0,0,0,0,0,0,0,0,0,0,0,0,0,0,0,0,0,0,0,0,0,0,0,0,0,0,0,0,0,0,0,0,0,0,0,0,0,0,0,0,0,0,0,0,0,0,0,0,0,0,0,0,0,0,0,0,0,0,0,0,1:SORT*,"0,1,0000,0000,0000",,,,,,,,,,,,,,,NA,NA,NA,NA,78,West
18,6,4,3,27,51,320,21604,2,4,0,0,2,0,14,1,0,0,0,0,0,0,0,0,0,0,0,0,0,0,0,0,0,0,0,0,0,0,0,0,0,0,0,0,0,0,0,0,0,0,0,0,0,0,0,0,0,0,0,0,0,0,0,0,0,0,0,0,0,0,0,0,0,0,0,0,0,0,0,0,0,0,0,0,0,0,0,0,0,0,0,0,0,0,0,0,0,0,0,0,0,0,0,0,0,0,IMAGE_FN,Image069275_2,1:SORT*,"R,1,0000,0000,0000",,,,,,,,,,,,,NA,NA,NA,NA,68,West
18,6,4,16,35,27,70,46471,0,0,0,12,3,68.97,3,4,0,22.8,7.1,4.5,0,2.6,4.00E-04,0,1.6,1,0,0,11.2,0,1,1,0,0,0,0,0,0,0,0,0,0,0,0,0,0,0,0,0,0,0,0,0,0,0,0,0,0,0,0,0,0,0,0,0,0,0,0,0,0,0,0,0,0,0,0,0,0,0,0,0,0,0,0,0,0,0,0,0,0,0,0,0,0,0,0,0,0,0,0,0,0,0,0,0,0,1:SORT*,"0,1,0000,0000,0000",,,,,,,,,,,,,,,NA,NA,NA,NA,78,West
